GEOID,age_less_18,age_18_24,age_25_39,age_40_49,age_50_64,age_65_74,female,hispanic,black,asian_pi,native,mixed,HS_GED,no_edu,BS_degree,above_BS,oth_degree,below_PVL,wid_sep_div,nev_married,lang_eng,lang_oth,born_us,born_not_us
51181,0.1733864786141346,0.05472941897899739,0.167254330829373,0.09596811283151924,0.27931933159589145,0.133067606929327,0.5164801471715469,0.006285451479380653,0.4441208033113598,0.0016863406408094434,4.59911083857121e-4,0.02422198374980837,0.5815831987075929,0.114057948796566,0.1346930533117932,0.05836025848142165,0.07512116316639741,0.15836271654146866,0.21261807164498306,0.2587774015327036,NA,NA,0.9865092748735245,0.013490725126475547
51043,0.20661443527698814,0.059488317271025444,0.13485405255494695,0.12584067115024614,0.25015600083200445,0.11800596269846772,0.49240795950911737,0.055674963599805866,0.0538722873188657,0.007072037717534493,0,0.04111488594605838,0.4760571538907125,0.07841641822089718,0.17339254682371114,0.12290017377872176,0.11845916200038617,0.07488039936212994,0.22532419261584208,0.24258693317915256,NA,NA,0.9556957637107398,0.04430423628926021
51117,0.1891434522259828,0.06365529809945326,0.15106743035667794,0.10658031762561833,0.2304412913303827,0.1436800312418641,0.51545821400676906,0.029647227284561314,0.3544324394688883,0.001073939078365009,0.005695131476178079,0.014189013277792241,0.5297975352112676,0.13352642541004947,0.14159330985915494,0.05250880281690141,0.09551056338028169,0.1831228846654517,0.279137911092262,0.28981763503874775,NA,NA,0.9739325696433221,0.02606743035667795
51015,0.19139839369197778,0.06676966928168995,0.1694615005527511,0.13187442560502938,0.2279865208646892,0.11884814661889477,0.4903102065823999,0.028210285166291506,0.042555175215439736,0.007485448660744016,0.0027437765553616857,0.021084457704551206,0.5757498775154694,0.09272899212829153,0.14817906331089295,0.06804696147634688,0.08169264548440364,0.08162069287017674,0.22461426927865596,0.23947613118784575,NA,NA,0.9668216145659905,0.03317838543400951
51075,0.17756396238792915,0.06415919527662366,0.1415700852831839,0.13216706757052263,0.2591296741745025,0.13925213207959763,0.5037393396020118,0.028471462934616224,0.15985130111524162,0.012989284933304177,1.7493986442160508e-4,0.024229171222392303,0.42426719607614155,0.06450907500546688,0.25767838374401497,0.1240219549223403,0.10790610767254467,0.04955171659741964,0.2017561668866105,0.23561059790884173,NA,NA,0.9451563525038268,0.05484364749617319
51113,0.2059225512528474,0.05740318906605923,0.18815489749430525,0.0914958238420653,0.23151100987091874,0.124373576309795,0.5138192862566439,0.028929384965831435,0.08253606681852696,0.008428246013667425,0,0.05413819286256644,0.569669136833316,0.10136674259681093,0.15175868907212192,0.06512890094979647,0.0741049994781338,0.06469248291571754,0.20908508105137832,0.2537778184815459,NA,NA,0.9637813211845102,0.03621867881548975
51161,0.20225317885806252,0.0738305106423798,0.17731259925604595,0.12172921351907315,0.20935165151402108,0.11995992453875916,0.5190838067424832,0.0309838738901975,0.05937776451403174,0.031165066135169416,0.0019611395926372,0.027509246133677244,0.44704036007225134,0.0551996845123264,0.22799147197299457,0.10013028930147168,0.14815966361671257,0.06752075717041664,0.22262987592040562,0.24362404137685037,NA,NA,0.9366786395659913,0.06332136043400872
51025,0.16688861985472156,0.09219128329297821,0.20508474576271185,0.11277239709443099,0.21803874092009684,0.11755447941888619,0.4647094430992736,0.022397094430992737,0.5445520581113802,0.005145278450363196,0,0.030750605326876512,0.5944737911418123,0.16004842615012108,0.08167411621292157,0.04404713531084925,0.06493295408370581,0.17451573849878935,0.2995307794663492,0.39778695987113943,NA,NA,0.9720338983050848,0.027966101694915254
51131,0.19890618426588136,0.06226335717290703,0.13571729070256627,0.10660496424063946,0.22978544383676905,0.14943205721497685,0.5188893563315103,0.0877576777450568,0.33260412284392094,0.010349179638199412,3.3655868742111904e-4,0.03651661758519142,0.5294117647058824,0.1281447202355911,0.13384650735294118,0.07961856617647059,0.08214613970588236,0.17492637778712664,0.2642466031230988,0.2878726424660312,NA,NA,0.9435422801851073,0.05645771981489272
51163,0.17704918032786884,0.05693398316349136,0.1478954364200266,0.11998227735932654,0.23088170137350464,0.1390341160832964,0.5025697828976518,0.01905183872396987,0.03265396544085069,0.006601683650863979,0.0037660611431103233,0.02357111209570226,0.5190171065780965,0.09937970757642889,0.16030803597672094,0.08182940450296866,0.10698959496796191,0.1403190075321223,0.24501909775988437,0.23051512336120575,NA,NA,0.9717323881258307,0.028267611874169252
51720,0.23702770780856422,0.05491183879093199,0.22720403022670024,0.08161209068010075,0.21914357682619648,0.08866498740554156,0.5335012594458438,0.012090680100755667,0.030730478589420653,0.04634760705289673,0,0.024937027707808566,0.5045504186385148,0.11057934508816121,0.1488896978522024,0.07135056425191118,0.11539861667273389,0.27758186397984885,0.3511450381679389,0.21723918575063614,NA,NA,0.9531486146095718,0.04685138539042821
51570,0.22819600642644022,0.07952719761303649,0.1837273353224696,0.11550378700941015,0.1910144594904751,0.10110167546476934,0.5375258205187056,0.05869864585724122,0.1533738811108561,0.042689924259811794,0.0028689465228368145,0.04578838650447556,0.5575491979493964,0.05915767730089511,0.17107656689267406,0.07292872498759716,0.11319662642632711,0.11952031214138169,0.24777943579904782,0.32274568322319336,NA,NA,0.9093412898783567,0.09065871012164334
51021,0.16186599874765184,0.06527864746399499,0.182686286787727,0.14840325610519725,0.21790857858484658,0.13666249217282406,0.44207889793362554,0.012680025046963056,0.03804007514088917,0.0015654351909830933,0,0.010801502817783344,0.6374115267947421,0.08844708829054478,0.1051567239635996,0.02507583417593529,0.11809908998988877,0.08829054477144646,0.2711864406779661,0.2309772809231879,NA,NA,0.9960864120225422,0.003913587977457733
51023,0.19467354467204512,0.06895000449869537,0.14173889572024112,0.13001229643403414,0.24439912425396634,0.13067210508952404,0.5091923342230753,0.01703505983264853,0.029811354707134932,0.006688060462465885,0.001499565126113427,0.020484059622709414,0.5299445169712794,0.05323456197702666,0.17158942558746737,0.09407637075718016,0.13197617493472585,0.06376150916234292,0.18891643059490085,0.22029036827195467,NA,NA,0.970398584410521,0.02960141558947905
51520,0.2131031220435194,0.06728949858088931,0.19311731315042574,0.10915326395458846,0.20789971617786188,0.10956717123935666,0.5292691579943235,0.02311967833491012,0.05700094607379375,0.002246925260170293,0,0.036128192999053926,0.5141509433962265,0.10938978240302744,0.15011585567692817,0.08672624958622972,0.0959119496855346,0.22191343424787133,0.2936007370136773,0.2672383247112182,NA,NA,0.9857497634815515,0.014250236518448438
51830,0.10424063777048302,0.4408119514972868,0.14524016882159846,0.06545186574663361,0.13076974609767536,0.08628659476117104,0.53580759697193,0.07054331077912508,0.15046559924968178,0.06451396797749046,0.003550612983184833,0.04716285924834193,0.3312273154993951,0.026261137536008575,0.2714074472375319,0.2339024062373975,0.11076757628713536,0.14658002277751725,0.15062975981253662,0.6060339777387229,NA,NA,0.911435653513767,0.088564346486233
51035,0.18878561122109996,0.06650783530754001,0.16073286131337874,0.11908996342404617,0.22838159793295526,0.13798194691453308,0.4965269621824771,0.03533438475218952,0.007147411160699306,5.704506560182544e-4,0.00255024999161102,0.016207509815106876,0.5531120705162799,0.1432837824234086,0.10689872279186904,0.04159920849073574,0.10635905738442165,0.14479379886580987,0.26659537389100124,0.21819550063371357,NA,NA,0.9757726250796953,0.024227374920304686
51191,0.18320356568215865,0.07834143995857298,0.161620831869209,0.12566810304969392,0.228329418727229,0.12894157681566829,0.5083501322335447,0.01518373989754212,0.013870651550738843,0.005862662055445618,0.0014795361654121432,0.017606480368404506,0.530488416407582,0.10528749237114164,0.13744860094273392,0.07544378698224852,0.11388025273292549,0.14051894731001832,0.2553348209449945,0.23180744816828788,NA,NA,0.9838915499990752,0.01610845000092471
51139,0.2029174373633765,0.06103917941819405,0.1715150496048428,0.1225407768622835,0.22814023877585338,0.12132167479401379,0.5058853203295779,0.020136203127627376,0.013746426769799898,0.004329914242475198,0.0010509500588532033,0.027829157558432824,0.6337129054520358,0.12682865310240457,0.09017713365539452,0.04221302047389004,0.06038647342995169,0.14936102236421725,0.24243187427592808,0.25890293658389163,NA,NA,0.9797376828653103,0.02026231713468976
51510,0.18166014224714966,0.05078895776363625,0.32408494223192247,0.14889000272820135,0.17332326648182575,0.07116798741220584,0.5180981264235818,0.1669215102815123,0.2175391623787378,0.05917024610914074,0.0022396629719629727,0.09916694688889875,0.2468841688191188,0.052984208155418655,0.29697987979704255,0.2617381782313949,0.12459145204838211,0.10219969164980046,0.21018276762402088,0.3939691211759912,NA,NA,0.7035333379860799,0.2964666620139202
51650,0.21113587725209382,0.10801904606749062,0.22123651335520322,0.10048059478232536,0.19879147814367487,0.08731422308780297,0.5178871601957924,0.05763434808687732,0.4994779363304478,0.026495656874578832,0.004680060129886479,0.058263786553713316,0.5465222915861002,0.05736776238327619,0.1641677255400254,0.09281255179271863,0.1108999502789901,0.14625928421738582,0.2591159773641263,0.3671581902097147,NA,NA,0.9362341807302967,0.06376581926970327
51013,0.17804458074906623,0.05955950382071754,0.33918719802624814,0.1401757872734126,0.15676935202001166,0.06432683411575232,0.499772984271665,0.1558056060034952,0.09149162183462975,0.103883253949217,0.003568001918925402,0.08612034403591132,0.1554639580527116,0.041950793270054486,0.3503257620867273,0.3195012111296747,0.11808947906971366,0.0669268067025323,0.15136810754409247,0.4364926605411648,NA,NA,0.7461021827776445,0.2538978172223555
51027,0.18037451808334865,0.06356710115659997,0.17527997062603268,0.12506884523590966,0.23636864328988433,0.12699651184138058,0.49706260326785384,0.004865063337617037,0.027170919772351754,0.010326785386451258,0.0024325316688085185,0.011015237745548008,0.5199535537493125,0.22466495318523957,0.06734706349691377,0.046568477663020226,0.06698038257043329,0.2710207453644208,0.2892699709708633,0.2542199763466294,NA,NA,0.9793923260510373,0.02060767394896273
51179,0.26159443494375667,0.08483849209323241,0.2038522071498164,0.14190620890763286,0.1931213506571372,0.06556382985971534,0.4953635886709408,0.12950610807164806,0.17666055745947823,0.03425698186996246,0.00317497087338952,0.11282047788080914,0.44989888238424697,0.04334584698820628,0.23511442256519424,0.15075039914848323,0.09651942522618415,0.043025624603980295,0.16375691372878276,0.29132440643636776,NA,NA,0.8774433989902775,0.1225566010097225
51760,0.17631121426869412,0.11987803478920846,0.2804140815984326,0.10572671673535668,0.18218001782704238,0.0769431034939238,0.5259507020501099,0.06910626505811439,0.4685908693772008,0.02118505705536091,0.004244954152730097,0.05123950896206017,0.402016734334522,0.10172887010087282,0.23528778368244035,0.12986527657256505,0.08680698509618125,0.22151423957073893,0.23445967401885506,0.5270045862246677,NA,NA,0.9199415767224718,0.08005842327752821
51057,0.2023095108201491,0.051736679396253864,0.15339152573195125,0.10356428441534825,0.23767957810511,0.13384251682124024,0.5480996544826332,0.03600654664484452,0.3927077650481906,0.006182942353155119,0,0.04509910892889616,0.6007865026005328,0.12675031823967994,0.1269821134086008,0.03995940631739186,0.055435747811746795,0.1668485179123477,0.2177445920720325,0.31492258702097287,NA,NA,0.9826332060374614,0.017366793962538644
51185,0.19301492680816287,0.06643751652525058,0.17063673292791384,0.1253755738768839,0.22149844963103624,0.12676970410787683,0.5037136744946278,0.010191572723120929,0.032113068769079156,0.006898540970603081,0.0024998197245390957,0.014494147056702641,0.5652816069318629,0.13388457563156503,0.09429565445713535,0.04608113430484443,0.1115268478403571,0.16835324375645988,0.2744219240650871,0.23671139023693977,NA,NA,0.9870682402711343,0.012931759728865707
51685,0.2559755092429059,0.07806428823737195,0.2577416696102673,0.15854232897680443,0.1525373837277758,0.052513834922877665,0.47680442717532084,0.3973272106440598,0.15347933592370186,0.11138584716825621,0.0013540562816437066,0.11115035911927469,0.4373366969997297,0.11273990344989991,0.18884584196774484,0.07910622578610686,0.1221731687539418,0.06316966913929119,0.25889506080168145,0.3379372466596607,NA,NA,0.6243965618744849,0.3756034381255151
51183,0.15724707743693417,0.07963435000439484,0.22448800210951922,0.13509712578008262,0.2052386393601125,0.10037795552430342,0.4013360288300958,0.030236441944273534,0.5526940318185813,0.012832908499604466,0,0.035861826492045355,0.6164383561643836,0.14511734200580118,0.08838594401429423,0.03287671232876712,0.06563430613460393,0.10433330403445548,0.23632142136079143,0.42045225116091256,NA,NA,0.9726641469631713,0.02733585303682869
51683,0.268591829795502,0.07371156555107593,0.22978092971292563,0.1338466022247049,0.18040511002088697,0.0625394666537135,0.49829989799387964,0.3663962694904551,0.13598387331811337,0.05396609510856366,0.0075533103414776315,0.14108417933647446,0.44176798091126007,0.11079807645601593,0.18285800855963338,0.0977919175851229,0.10479869711775178,0.07941905085733715,0.17149971632099856,0.33319674714745007,NA,NA,0.7198231893913635,0.28017681060863653
51775,0.1913338863214441,0.13311213808903108,0.16289449776829798,0.12015641663704231,0.20298613579808034,0.10479124698818976,0.5350554963068294,0.032942291740727575,0.06738555121064897,0.01824860765493542,0.0013429711261207884,0.03949915076825848,0.49859714753331774,0.07331042382588775,0.17307692307692307,0.0958031330371756,0.12403553892915595,0.08128925228107596,0.25913108544170604,0.32104943179161016,NA,NA,0.9610933364932654,0.03890666350673461
51037,0.221843853820598,0.07649501661129568,0.15182724252491694,0.10739202657807309,0.22375415282392028,0.12292358803986711,0.5078073089700996,0.02159468438538206,0.27998338870431894,0.003986710963455149,4.983388704318936e-4,0.016611295681063124,0.6278849567996213,0.11785714285714285,0.0714877500295893,0.03408687418629423,0.09859154929577464,0.2323920265780731,0.27364387981447874,0.31195805605968946,NA,NA,0.990531561461794,0.00946843853820598
51081,0.15670281995661606,0.06004338394793926,0.2567462039045553,0.15114967462039045,0.20685466377440348,0.09301518438177875,0.370412147505423,0.025336225596529285,0.5938394793926247,6.073752711496746e-4,5.206073752711496e-4,0.027592190889370934,0.621716884593519,0.16954446854663774,0.061398521887436046,0.023763501989766914,0.0709494030699261,0.1092407809110629,0.29164997997597114,0.39397276732078496,NA,NA,0.9776138828633406,0.022386117136659434
51093,0.20902612826603326,0.06899281950473694,0.16616157479455046,0.12362464848335927,0.24181614655854972,0.11060146886176864,0.510170093100718,0.030523930433832964,0.22518906817375162,0.010211046495754498,0.0035492942364922053,0.0395882818685669,0.503861517976032,0.08687580200398613,0.15719992391097584,0.09358949971466617,0.12429142096252616,0.1042400414994403,0.20980334025101294,0.2427446717396317,NA,NA,0.960575531711579,0.03942446828842111
51620,0.251749110101878,0.038664539094145085,0.2183625874555051,0.10077329078188291,0.19528660856757088,0.11341598134282559,0.5532097704676568,0.011047011169755738,0.5668344175770222,0.012642690560942678,0,0.05192095249785197,0.5242971190558834,0.09684546458819197,0.11957653592502604,0.06108989934050677,0.1581048247136411,0.14459310175524734,0.30252232492558356,0.3114522951590161,NA,NA,0.9824475266969437,0.01755247330305634
51678,0.08962850435022787,0.5635961883717718,0.10122911200110482,0.0712608755696727,0.11227730976384477,0.08907609446209087,0.4321226349951664,0.06117939511117249,0.08797127468581688,0.03452561800856235,0,0.04018781936196658,0.4012539184952978,0.03770197486535009,0.2811912225705329,0.14357366771159874,0.08840125391849529,0.16448004419279105,0.1523823572798348,0.6517185425578994,NA,NA,0.9243198453252314,0.07568015467476868
51089,0.19482341934980899,0.061686286738910114,0.15662274888906214,0.11257503703126218,0.2322249941529586,0.1277188742496297,0.5163132454977781,0.055020659546269585,0.22704061744757154,0.006275824432836984,5.847041397053091e-4,0.040442036329617216,0.5521397795458751,0.14689717003196381,0.09074568475588803,0.04506885887235336,0.11281753059660067,0.1783152724721291,0.30258550724637684,0.24347826086956523,NA,NA,0.9706088719108131,0.029391128089186872
51101,0.22627037392138064,0.08425215723873442,0.1860019175455417,0.12793624161073824,0.21854026845637584,0.09072387344199424,0.5110258868648131,0.026486097794822628,0.1642497603068073,0.012044582933844679,0.008089645254074785,0.025767018216682647,0.607319829609667,0.05465004793863854,0.1526558289141963,0.049726158393462574,0.11101451795183866,0.08389261744966443,0.17245959707770644,0.26898383883108257,NA,NA,0.9732142857142857,0.026785714285714284
51109,0.20391231964483908,0.062375138734739176,0.16834073251942286,0.12194783573806882,0.24150943396226415,0.12391786903440621,0.5094617092119866,0.029384017758046613,0.14869589345172032,0.0057713651498335185,0.002469478357380688,0.046448390677025525,0.5350877192982456,0.10746392896781354,0.14260106788710908,0.08390541571319603,0.09069412662090008,0.11678690344062154,0.2018483793195821,0.25539110634878115,NA,NA,0.9557991120976692,0.044200887902330746
51147,0.16136214800261953,0.31263916175507533,0.15022920759659464,0.09220694171578259,0.16607727570399475,0.090329622353198,0.5053918358437023,0.04165029469548134,0.3085789129011133,0.008469766426544423,0.003230735647238594,0.036891508404278545,0.5440184049079755,0.07989521938441388,0.1477760736196319,0.10460122699386504,0.06326687116564417,0.14180309975987776,0.1919191919191919,0.4966078697421981,NA,NA,0.9435931019428072,0.056406898057192754
51165,0.2220616810323352,0.08939514722734293,0.16695730157939315,0.12277664291764237,0.2062926610532609,0.1034203577300583,0.5093418364804942,0.06934133824921529,0.03024263863285337,0.008009067809277067,0.00342534004284789,0.02848637337452045,0.5094291539245668,0.10969807184495042,0.1565457987476336,0.09423693024610456,0.07947429736420562,0.0858826167106771,0.18516377356194186,0.2643501544172461,NA,NA,0.9342708385232424,0.06572916147675752
51095,0.20141224838485772,0.06775588659298415,0.1477654973570399,0.1241123391531849,0.20900742164557637,0.13835495755245875,0.517860003203588,0.057611191200811575,0.13142719846227774,0.024841155427412036,0.001414918041539858,0.037909124886539594,0.36128771452721326,0.03566661327353302,0.2770203226636287,0.19492117158502076,0.11767299988975047,0.07162688878210262,0.1884129695557081,0.2544740497134373,NA,NA,0.9177078327727054,0.08229216722729457
51167,0.19089200840057477,0.06982056667035112,0.1576213109318006,0.13304594524888544,0.2395637596256586,0.12114513098264618,0.5097454036328801,0.011679746508971666,0.010095427581887181,0,0.002431745329943628,0.010279650712943518,0.5853707314634268,0.14549942890829373,0.09099545022748863,0.02759862006899655,0.09859507024648767,0.20916694300136326,0.2607236268526591,0.22855274629468178,NA,NA,0.9883570981172396,0.0116429018827604
51173,0.19442909610946793,0.06760490135534826,0.16836220625995385,0.1327721259791335,0.21666070790132286,0.11821107030259694,0.507231774303637,0.019891442129554394,0.02171157408912146,0.008385607956576852,0.003900282770500861,0.009815711639093835,0.5968709720432019,0.12181883186531023,0.09507089203964621,0.04689097293213032,0.09458198142139651,0.18376832320343225,0.28505720470006185,0.22294372294372294,NA,NA,0.9820261968992752,0.017973803100724803
51540,0.1564464073382028,0.19143876337693222,0.272974350263292,0.10605996262952268,0.1524333276711398,0.06849838627484288,0.5161372515712587,0.05497282147103788,0.18778664854764737,0.07130117207406149,0.002441820961440462,0.03252930185153729,0.3233957043088681,0.057181076949210125,0.26488997232837,0.22516141784161287,0.09783897746738701,0.22602768812638016,0.18622667876143079,0.5253131971855157,NA,NA,0.862217598097503,0.13778240190249702
51031,0.1994567677682209,0.07214124038026257,0.18763241285649615,0.12347668628338615,0.214649162516976,0.11226799456767768,0.5163241285649616,0.025242191036668176,0.14006337709370756,0.009434133091896786,0.0019194205522861023,0.03406066093254866,0.5635729344443329,0.092675418741512,0.15023592008834455,0.06854231502861159,0.08919787169962855,0.10833861475780897,0.24202225342983688,0.25582802203737715,NA,NA,0.971896785875962,0.028103214124038028
51087,0.22908391469613934,0.07007495382172897,0.2093577785580167,0.13617475994931838,0.19755140671989252,0.0872212130001374,0.5260353855313172,0.05647030088387501,0.2974155433770437,0.08335597722380814,0.0020639015677713832,0.05439723998961943,0.40799862533265185,0.05726716228799975,0.2632576091362507,0.1450934950036129,0.10100720819160748,0.0905948982551483,0.22245536050629097,0.33532358924131694,NA,NA,0.8586471674782847,0.14135283252171524
51099,0.2534217850470853,0.07095199969499409,0.19066681916962142,0.13847268290823134,0.20492584543825537,0.07823401578405581,0.49624461473941056,0.053604788592778986,0.16348316748637004,0.013382134278851652,0.0019062869343093522,0.03961264249494834,0.4859183320854691,0.044683365740211214,0.2194897195185164,0.13540286816794334,0.09168922421240569,0.050669106713942584,0.17536826853417048,0.2663607824197054,NA,NA,0.9531434671546761,0.04685653284532388
51103,0.15292801193584482,0.03813875419619545,0.10732935471838866,0.10984707198806415,0.22500932487877656,0.18845580007459903,0.530585602387169,0.006247668780305856,0.30818724356583366,0.008392390898918314,0,0.0027974636329727715,0.5171093840621738,0.07730324505781425,0.16332212040366548,0.09882844217608167,0.12457951513745505,0.09651249533756061,0.24329808821958773,0.20388764284951405,NA,NA,0.9637262215591197,0.03627377844088027
51105,0.18465007516285284,0.06096542508769,0.18627860364122265,0.13566894939034574,0.22218974444630032,0.1217638216134959,0.47678302989811255,0.019751127442792716,0.04083848338065809,0.0026306998496742943,0.002672456990145315,0.018164356104893937,0.5823382393779506,0.17487890429263403,0.08303249097472924,0.02438211607886698,0.07764509858372674,0.23776515784199098,0.3016965822473568,0.25994590607327267,NA,NA,0.9839652580591282,0.01603474194087189
51115,0.1471324533454711,0.06486117432862995,0.12460172963131542,0.11447428311333636,0.23634501593081475,0.18365953573054164,0.5013654984069186,0.025261720527992717,0.08841602184797451,0.0063723258989531175,0.0038689121529358215,0.022872098315885298,0.5528255528255528,0.07464724624487938,0.2024859083682613,0.05203064026593438,0.097846509611215493,0.11265361857077834,0.2085750315258512,0.23921815889029005,NA,NA,0.9769003186162949,0.02309968138370505
51119,0.16168618266978924,0.05096018735362998,0.13695550351288055,0.09451990632318501,0.2419672131147541,0.17601873536299767,0.5126932084309134,0.012459016393442624,0.13911007025761124,0.003747072599531616,0.0045901639344262295,0.06960187353629976,0.5633735515470075,0.1014519906323185,0.13475092581531478,0.06534464221717835,0.10715565643292319,0.09704918032786886,0.29494686618954674,0.22587291260030362,NA,NA,0.9616861826697892,0.038313817330210775
51149,0.2177415123051897,0.08511308180720994,0.2420632838327124,0.1227108149236501,0.19163561945741722,0.08293540431337566,0.4596998478249462,0.08122999422784279,0.3268090465445768,0.018969407566773365,0.0060607650732014485,0.059007188959437476,0.5755032282567414,0.06501547987616099,0.16038739080896317,0.06422331940751994,0.10577288264337258,0.07254552133074461,0.23138297872340424,0.3228018456805947,NA,NA,0.9409403368840846,0.059059663115915415
51159,0.1674921206663665,0.039734353894642055,0.21105357946870779,0.11132372805042774,0.24729851418280055,0.09781629896443043,0.45328680774425933,0.07125168842863575,0.26677172444844666,0.003376857271499325,0.0022512381809995496,0.08408374606033318,0.5564678766925958,0.15128320576316975,0.11437626044367617,0.060357245750504177,0.07519446845289542,0.14115263394867178,0.2660294703305456,0.25806451612903225,NA,NA,0.9538496172895092,0.04615038271049077
51169,0.18372751346908958,0.06040544242534928,0.16080723221623597,0.12797917998356315,0.22591544151219067,0.12971418135330107,0.49433841658296046,0.013788695096338234,0.005798557209387271,0.0031047392932152316,0.003972239978084193,0.007944479956168387,0.5893596299001704,0.13953063647155511,0.08168979790601412,0.04090577063550037,0.10202093985877769,0.14857090676650533,0.2741952789699571,0.221137339055794,NA,NA,0.9832435394027943,0.016756460597205734
51177,0.24983249644290198,0.07937033719030663,0.1876416251985576,0.13659256359488983,0.20367679718142329,0.08585216023126784,0.5085106863505303,0.0976037581022788,0.16148848554199635,0.02506907169152244,0.00438896960845573,0.08838918039944893,0.5149739215042937,0.058803158853598124,0.19496079740233294,0.10949574032380327,0.09219681627388643,0.06924484126685387,0.19487286172234777,0.2931130674887235,NA,NA,0.9137714272808715,0.08622857271912852
51011,0.21328070287133125,0.07779970713694531,0.1772458139682944,0.1130069395810785,0.21468135226332208,0.1174635512828675,0.5162029668300757,0.01655312917807347,0.19768256191506972,7.639905774495448e-4,3.1832940727064365e-4,0.020500413828229452,0.5531761741947093,0.09976443623861972,0.13748425409393558,0.06874212704696779,0.09960410293323736,0.13127904755841344,0.20341985673573135,0.2380805668951706,NA,NA,0.9857388425542751,0.014261157445724836
51067,0.19216188798120562,0.08065922722337908,0.14800576645843344,0.11534696638012351,0.2354281239432609,0.13921369711855056,0.5091747201309912,0.02787121576165305,0.07517753216936301,0.005303717941872675,0.002954420061580081,0.0256820972822895,0.5614374601930332,0.0863188993895385,0.1352212042526089,0.07084415266277988,0.11368869727107932,0.14005018954562443,0.22635035574453755,0.23304424704247884,NA,NA,0.9745314752522826,0.025468524747717443
51097,0.19383697813121273,0.05836410110763988,0.15464356716841807,0.13462084635046861,0.22110195967054813,0.1474013064470321,0.4997159897756319,0.03209315535359273,0.2651235444476001,0,4.260153365521159e-4,0.059216131780744106,0.5662581386441976,0.08804316955410395,0.16794331673688243,0.06510915358100344,0.0819609345078514,0.12411246804884976,0.28196058615462355,0.2519791140306552,NA,NA,0.9747230900312411,0.025276909968758875
51121,0.15529855308742613,0.2872936621153454,0.18798654982677807,0.10789688200529855,0.1523639698390055,0.07117383329936824,0.4837578968820053,0.03242306908498064,0.04533319747299776,0.06662930507438353,0.0042796005706134095,0.0282453637660485,0.4126938746336931,0.03874057468921948,0.21847973697376885,0.2077764277035237,0.09311343006218283,0.21293050743835337,0.1556429800835997,0.4746098095003922,NA,NA,0.909292846953332,0.09070715304666803
51127,0.20635432998247719,0.07198192382182053,0.18163792308401733,0.14161209997233237,0.23540533062805497,0.11251498662731717,0.4987549571151895,0.03301669279719635,0.12003135663561745,0.011205385963294292,0.008115835100986811,0.04661993913123674,0.5813109115230269,0.05293737895416398,0.1587999235620103,0.10631250398114529,0.08045098413911714,0.06718620308032833,0.18669647847959753,0.2389044158747904,NA,NA,0.9616803467674998,0.03831965323250023
51049,0.19818811074918566,0.0781758957654723,0.16887214983713356,0.11034201954397393,0.22506107491856678,0.14037052117263843,0.5066164495114006,0.009364820846905538,0.30130293159609123,0.0124185667752443,0.0013232899022801302,0.05028501628664495,0.6040816326530613,0.11929967426710097,0.0729064039408867,0.0729064039408867,0.08515130190007038,0.17691368078175895,0.22230276670291169,0.29080584752929806,NA,NA,0.9802524429967426,0.019747557003257327
51051,0.19564922743290863,0.059297912713472484,0.1656953103822174,0.13553808620222282,0.21991054486310654,0.12557603686635946,0.49362970994849553,0.009081051775548929,0.0056925996204933585,0.0012198427758200055,5.421523448088912e-4,0.01152073732718894,0.5841474654377881,0.16616969368392517,0.07354838709677419,0.030599078341013827,0.08571428571428572,0.24837354296557332,0.29261409450088693,0.23472020641831962,NA,NA,0.9947140146381133,0.00528598536188669
51083,0.20444547348923361,0.06957629080805743,0.15362352396388052,0.10919773095623987,0.22230261634637646,0.1329300764065756,0.5182623292428803,0.020664505672609402,0.3461159990738597,0.007987960175966658,0.0026047696225978234,0.03117040981708729,0.5640613057645119,0.13345103033109515,0.1029405848988294,0.044692063236654735,0.10281990426002655,0.13573743922204215,0.2625382050569603,0.28983745484856904,NA,NA,0.9745311414679324,0.02546885853206761
51107,0.2850197654466586,0.06836161909630657,0.20615031862608635,0.16991451001432425,0.1755986576705624,0.05466499972161343,0.5045503550694195,0.1361867113434936,0.07568571674419311,0.1867670208081309,0.0028420738281190686,0.08515339100153366,0.2649529172384422,0.03927528382776476,0.3553210618464014,0.23110380289909935,0.08742645783056516,0.03376576047619289,0.14435821054134745,0.26478236179052134,NA,NA,0.7358187349101823,0.26418126508981765
51153,0.27274539847385154,0.08131584251326873,0.21373446923972148,0.14938570465711506,0.18108763542346176,0.061813130251417894,0.500486538382352,0.23494277485084186,0.21006105027274324,0.08462517039679426,0.004330083242491164,0.1348437334073074,0.3954032102304494,0.07370460510204303,0.2434916084698037,0.15092217037872857,0.09494475110040357,0.06565342429831196,0.18160804753115165,0.31343518045791935,NA,NA,0.7331537439616144,0.2668462560383856
51175,0.19368008948545862,0.0633109619686801,0.15536912751677853,0.13154362416107382,0.25782997762863535,0.11269574944071588,0.48282997762863533,0.016834451901565996,0.32125279642058163,0.0024608501118568234,0.005760626398210291,0.04686800894854586,0.5621736168924544,0.11236017897091723,0.12010898357678045,0.05290244456217362,0.11276772875198668,0.08238255033557047,0.27265479670475684,0.26009832580387987,NA,NA,0.9883668903803132,0.011633109619686801
51091,0.11705989110707804,0.019056261343012703,0.11388384754990925,0.07032667876588022,0.2767695099818512,0.2309437386569873,0.5181488203266787,0,0,0,0.0013611615245009074,0.0054446460980036296,0.6203950880939669,0.09754990925589836,0.13454351308061932,0.08168713294180459,0.048585157501334755,0.0998185117967332,0.20626895854398383,0.14560161779575329,NA,NA,0.9922867513611615,0.007713248638838476
51033,0.23020967051775781,0.09331490076034364,0.16773641420624733,0.1395279944702281,0.20348243968269641,0.09713307659392384,0.5029130048385504,0.048253842862315266,0.2702676014614397,0.008985879332477536,0.0025673940949935813,0.06579770251143807,0.5769042010208087,0.10012836970474968,0.13196898311739302,0.06115037298782882,0.08068315665488811,0.08116915177248939,0.25630510559770353,0.3019069099856469,NA,NA,0.9472696751259011,0.05273032487409894
51073,0.19622803718231155,0.06713771425501047,0.16952340013970232,0.1223201332545269,0.2489656654666595,0.11041856966310247,0.5117672344312504,0.0357315566063081,0.08975874482832734,0.007576164633818709,2.955241523829993e-4,0.023077749717908765,0.5729547891020664,0.07578851217022191,0.13907064433847177,0.08465491109385975,0.09903515581679051,0.0873408199451937,0.21258584890592558,0.22986743331736145,NA,NA,0.9654774058352588,0.03452259416474128
51141,0.17618886635113815,0.04761099842235745,0.1503831417624521,0.11432274059048907,0.23704079332882577,0.145368492224476,0.5034933513635339,0.0305386522425062,0.05921794004958305,0.004056795131845842,0.002310119450078882,0.012959206671174216,0.5520041337565512,0.1511156186612576,0.09323097364730198,0.052557761866095815,0.10422971875692034,0.13900157764255128,0.2862409479921001,0.17992100065832783,NA,NA,0.9815753887762001,0.018424611223799865
51145,0.1829602637515183,0.08200589970501475,0.16494881138296028,0.15380878014922783,0.24344959222627105,0.11587714731910463,0.46819364914107237,0.02189831684886344,0.10046850598646538,0.004129793510324484,0.0014575741801145237,0.022418879056047197,0.5231411941419452,0.07496095783446122,0.20859932407059706,0.06886030792339466,0.09800976342470898,0.048759326739545375,0.1697998294693248,0.25181696374193024,NA,NA,0.9734166232864827,0.026583376713517265
51171,0.21238200999444753,0.06813344438275032,0.16833240792152507,0.11766611141958172,0.2183277808624838,0.11979455857856747,0.5071950768091801,0.072182121043864525,0.01885526559318897,0.00971682398667407,0.0013187118267629094,0.03565148991301129,0.5824853829505443,0.09288821025356284,0.13967761734018155,0.05672384274962044,0.09141712698258875,0.11380251712011845,0.2529209044296882,0.24261018183855873,NA,NA,0.943804367943735,0.05619563205626504
51061,0.23400929325378614,0.07510612666360716,0.1715666590178981,0.12956057824690226,0.22642267094997706,0.0973927260211106,0.505119894446994,0.0830512849931161,0.07414525011473153,0.017181046351537402,0.003743116108306563,0.03939593850390087,0.4749214670577711,0.05177260211106012,0.23345607356092285,0.11215128253136117,0.10437080030789074,0.057796007342817805,0.19657938443054526,0.2642849570656207,NA,NA,0.9232015832950895,0.07679841670491051
51790,0.189505566470203,0.07944499017681729,0.19114276358873608,0.12156188605108055,0.19965618860510806,0.11869679109364767,0.5427717747216765,0.031106745252128355,0.11272102161100196,0.015103143418467583,0.0033971840209561233,0.034790438768827765,0.4930287916572206,0.07408316961362148,0.1764905917025618,0.1392541373838132,0.0886420312854228,0.1049852652259332,0.2793287937743191,0.28978599221789886,NA,NA,0.9548542894564506,0.04514571054354944
51065,0.20173723396254795,0.07479130630969391,0.17797247499435964,0.13672256900052643,0.21636459351733472,0.11284500263217268,0.5406106640595623,0.035233511318342486,0.14240054147552078,0.013085658419192299,0.001541701135594495,0.04023463939234414,0.48586984703137154,0.06467624276152516,0.18765880217785844,0.13673839771843402,0.10054446460980036,0.05151537940888922,0.2104861173510648,0.2572558181328062,NA,NA,0.9561931262690833,0.04380687373091675
51750,0.10570346503872026,0.4423153015657679,0.16013792323780454,0.06867898931660166,0.14809790288847435,0.04940365157424679,0.52586060708835,0.02899779548923181,0.09852467356282855,0.01599683454864055,2.2610366853202194e-4,0.03730710530778362,0.43865853658536585,0.04098128992142897,0.1823170731707317,0.17524390243902438,0.11536585365853659,0.3023571307444463,0.18806173681274407,0.6162524019091303,NA,NA,0.9638799389520095,0.0361200610479905
51840,0.22934365702405277,0.10836290640570671,0.19382012402767324,0.12678782664802668,0.18457181775818188,0.09083413987167079,0.5091228447503315,0.17772520342689177,0.10065598451446392,0.022833996487077464,0.0021866150482130696,0.05423522242535039,0.4242015537332758,0.10563859913252321,0.2001510574018127,0.12122356495468278,0.09543590850237375,0.15610997598308063,0.257576429870879,0.3713892709766162,NA,NA,0.850593253754884,0.14940674624511596
51001,0.2116120344014936,0.062467480794539836,0.16313163774370276,0.10390842591742418,0.22520123649496526,0.13381079178526611,0.5123190401860863,0.08964588498148318,0.28558748814005447,0.008110672420653138,0.005356104428733205,0.01897591283322621,0.5382226570808696,0.13344351605301014,0.11260475603011869,0.07010677670481133,0.09358914365933552,0.1879533559820035,0.24185701021355618,0.277585886722377,NA,NA,0.916352951978698,0.08364704802130199
51045,0.18688845401174167,0.0512720156555773,0.1837573385518591,0.09980430528375733,0.24207436399217222,0.12876712328767123,0.5346379647749511,3.913894324853229e-4,0.0011741682974559687,0,0,0.012524461839530333,0.5524642289348172,0.06771037181996085,0.16216216216216217,0.06809750927397987,0.12559618441971382,0.08825831702544032,0.2008784096162737,0.24711049468331023,NA,NA,0.997651663405088,0.0023483365949119373
51063,0.19536423841059603,0.06450585838003056,0.1588767193071829,0.11996943453897096,0.23579979623025982,0.13181355068772288,0.49719816607233824,0.029419256240448294,0.015282730514518594,0.001782985226693836,0.005922058074375955,0.023942944472745798,0.5570186763060504,0.09596281202241468,0.1326275927360358,0.08072983905671745,0.09992254066615028,0.10271268466632705,0.22843822843822845,0.20557936686968944,NA,NA,0.9645313295975547,0.03546867040244524
51071,0.20671357023610779,0.06683758645361317,0.15424517052229908,0.1421416646792273,0.21237777247793943,0.1253279274982113,0.5097782017648461,0.017469592177438587,0.02152396851896017,0.002981159074648223,0,0.009241593131409492,0.6349665372221763,0.07989506320057238,0.11806990002478725,0.05081384780632901,0.08543336362885236,0.1003458144526592,0.256989247311828,0.24580645161290324,NA,NA,0.9858693059861674,0.014130694013832578
51077,0.16878414432727734,0.05710837250667006,0.15989073815271249,0.1269851353068225,0.23535764197687714,0.13556091983229576,0.4873586583661542,0.03449371109134799,0.05672722652776013,0.003493838140007623,0.0017151569050946512,0.013530682251302249,0.5716190317473544,0.14292974209122095,0.0955753687192734,0.037413548870927425,0.10790767436046995,0.1954008385211536,0.26340601060695346,0.23873011196228638,NA,NA,0.9749078897217635,0.025092110278236563
51135,0.1939350741916672,0.08047690014903129,0.20715350223546944,0.11060714054299228,0.20631115142875656,0.10412751895289316,0.451111255102702,0.044126223028575134,0.4066610509946219,0.004859716192574354,8.42350806712888e-4,0.01645823883885181,0.5753200762734949,0.14488433875461673,0.08925814945972942,0.05012258240261509,0.08226641242168346,0.1632216678545973,0.30040961434423064,0.33912976273282325,NA,NA,0.9540594829261971,0.04594051707380289
51157,0.174573055028463,0.08050962320412036,0.15044727568446734,0.0932502033071293,0.24315532664678774,0.15817294659799402,0.49268094334507995,0.03889943074003795,0.045405258877744645,0.005150447275684467,0.01192735158579561,0.03469775006776904,0.4629932715039098,0.08647329899701817,0.18312420440080016,0.14166212038552464,0.0961993089652664,0.08701545134182706,0.25630052306229195,0.2501188777936281,NA,NA,0.9364326375711575,0.0635673624288425
51036,0.15483319076133448,0.06016538351867693,0.15212432278300542,0.10764185913886512,0.27929854576561164,0.1454234388366125,0.5109780439121756,0.018676931850584545,0.4543769603649843,0.009552323923581409,0.06615340747077274,0.03279155973766752,0.5750137387799963,0.15782720273738238,0.09617145997435428,0.03846858398974171,0.08756182450998351,0.13102366695181067,0.24959296646043633,0.30755454249430153,NA,NA,0.9741944682064443,0.025805531793555745
51047,0.24737284984638266,0.078746012798184,0.18257959726815523,0.13171953582121682,0.20396861118177725,0.09293360208215104,0.499872800923661,0.10716032954345316,0.14488953249447173,0.01790571613079979,0.004031232265513395,0.07590849494139058,0.5255051534385372,0.09338369112150448,0.15827170558434753,0.08897688231526234,0.08830722646014091,0.0752040077493591,0.1938240291560984,0.2987268832032308,NA,NA,0.9027024911449874,0.09729750885501262
51053,0.20487976127786553,0.07702299455853959,0.17984904335615237,0.13382482008074426,0.23457960329998245,0.10272073020888187,0.5087589959627874,0.03479024047744427,0.3182025627523258,0.009548885378269265,1.0531858873091101e-4,0.026154116201509568,0.5558265450465831,0.12122169562927856,0.12223793961270182,0.05136334812935954,0.1021413589580996,0.11834298753730034,0.25378179667032874,0.30858615735654527,NA,NA,0.9588906441987011,0.04110935580129893
51079,0.24068855986474716,0.06398893385931656,0.19729494338849327,0.11783390542548286,0.21348429735129873,0.10446231876633025,0.5113991495465956,0.05850709565039192,0.05389620369895999,0.01700906808750448,0.002049285311747528,0.05989036323582151,0.502730627306273,0.09672626671448332,0.1456088560885609,0.1367527675276753,0.0755719557195572,0.06306675546903018,0.20258483478703762,0.25886547399248744,NA,NA,0.9417490650135765,0.05825093498642348
51085,0.2214484019822432,0.08656679647895998,0.15911955048940182,0.13361190861972577,0.22765475615187092,0.1035845248585804,0.5097832987483063,0.029790500014213024,0.09355960468840312,0.016610288334896767,0.002804703563679089,0.029117750172925134,0.4523222696899989,0.047547305684262395,0.2598860773359623,0.1155520867564903,0.10352995946982145,0.05199124477671338,0.18124805459806556,0.25447586548770507,NA,NA,0.95787259444555,0.0421274055544501
51111,0.1818107800032568,0.07661618628887804,0.16609672691744015,0.121885686370298,0.2287900993323563,0.1261195245074092,0.4868913857677903,0.0495847581827064,0.31183846279107635,0.02768278781957336,0,0.028334147532975085,0.5877114870881567,0.16243282852955546,0.08270258236865538,0.027270703472840607,0.08025378450578807,0.15111545350920044,0.24952489547700493,0.3137590269859369,NA,NA,0.9351082885523531,0.06489171144764697
51137,0.22074423771174673,0.0780338794779228,0.16798111635656762,0.12346570397111914,0.21241321855040265,0.11385726187170231,0.508136628714246,0.05001388503193557,0.128353235212441,0.009469591780061095,0.003193557345181894,0.044098861427381286,0.5604926537562869,0.07942238267148015,0.1583303631539345,0.07726426676171241,0.09064987525246525,0.07978339350180505,0.21399442669747842,0.2732277577652416,NA,NA,0.948208830880311,0.05179116911968897
51595,0.28739434031606026,0.07276736493936053,0.19331128261668504,0.1163175303197354,0.1679529584711503,0.0782800441014333,0.5488790885703786,0.06798970966556413,0.6321205439176774,0.0025725836089672913,7.35023888276369e-4,0.08434399117971333,0.5755334281650071,0.13303932377802277,0.10810810810810811,0.017923186344238975,0.09246088193456614,0.2587284086732819,0.3420673076923077,0.3625,NA,NA,0.9632488055861815,0.036751194413818446
51197,0.19920954097905977,0.057793648592428234,0.15563028706143392,0.14800305089446678,0.22337401192622383,0.12026764665094994,0.5115101927610595,0.012515601164886979,0.029018166689779502,0.004472333934267092,0.0021841630841769517,0.015254472333934267,0.5647225501770956,0.10137290251005408,0.11201889020070838,0.06706021251475797,0.11811097992916175,0.14665094993759534,0.23928763274244866,0.23507293087062517,NA,NA,0.9895298848980724,0.01047011510192761
51550,0.24242651532198248,0.08038936253552349,0.21461609620721553,0.12775958196864765,0.19915243643273245,0.07967680909401538,0.5113508513138485,0.061771299514130226,0.30037252793959546,0.03217324632680785,0.0017459642806543824,0.055079130934820114,0.4919089430086561,0.05270811977564984,0.20744277890239812,0.1057301821884974,0.11637336843804721,0.08343959130268104,0.20082093007527793,0.3017932483963771,NA,NA,0.9236984440499704,0.07630155595002959
51660,0.16347868526270343,0.3556022750736771,0.20541362416233364,0.09468210913596005,0.1170761924427008,0.048279616315957424,0.520432489253468,0.19743584930452573,0.07407129315037636,0.03891277007114298,0.0014266138569256472,0.08146715972443827,0.40867343159765945,0.08172995701387194,0.20217020961410265,0.145507740167395,0.08240130360714021,0.24449533534811255,0.15410165639613654,0.5777938027184126,NA,NA,0.8145214273647063,0.1854785726352937
51003,0.20225315395000232,0.12533867138401378,0.18835249755597971,0.11482705646850705,0.1958381825799544,0.10198780317489875,0.5217820399422746,0.05772543177691914,0.09538662073460268,0.052427726828359944,0.0025231600018621107,0.031907266887016436,0.3180964393929007,0.053898794283320145,0.2846429110053882,0.21528168145111534,0.1026091010049769,0.08511708021041851,0.1942905027932961,0.3262346368715084,NA,NA,0.8829104790279783,0.11708952097202178
51019,0.20163060120445034,0.07072318056547923,0.15162804940287844,0.12216750025518015,0.24100489945901807,0.12469378381137083,0.5092630397060325,0.02194549351842401,0.06869449831581097,0.012159334490150046,5.358783301010514e-4,0.02433142798815964,0.520541179375915,0.0721521894457487,0.1740487908133566,0.10424935174895486,0.10140939478929636,0.08825405736449933,0.20088952523113948,0.2229448768525429,NA,NA,0.9620929876492804,0.03790701235071961
51029,0.18353948062606248,0.06090626648689841,0.20587373234069992,0.12409871622017703,0.22047013306758895,0.1172401664810364,0.45114016061902806,0.02409285421185298,0.3449791898704496,0.0016413623307345096,0.0069171698223811475,0.0305996834515505,0.6129083162379675,0.14983293276276452,0.07353637367839672,0.043869338803850404,0.06801325548366735,0.13717099478281258,0.30304911699779247,0.31263796909492275,NA,NA,0.9801277917814644,0.01987220821853567
51195,0.19388868679519825,0.0808605726757782,0.1971106376344645,0.13059294288832302,0.21062204437977447,0.10718183235462246,0.4758353687055033,0.012394117341370888,0.0548770981655667,0.004547108039287013,0.0011172894039390947,0.018396299953229747,0.51852928353437,0.17227043600270228,0.09344572009882285,0.045741897979944775,0.10140241244005231,0.2025671672816089,0.26313026831753483,0.28199586253743786,NA,NA,0.9857350724938939,0.014264927506106117
51580,0.20489460521614863,0.06162915326902465,0.17917113254733832,0.11021793497677743,0.2202572347266881,0.11789924973204716,0.5212575919971418,0.02375848517327617,0.1307609860664523,0.013576277241872096,0,0.03465523401214719,0.6591365461847389,0.09021078956770275,0.10366465863453815,0.039909638554216864,0.07053212851405623,0.12897463379778493,0.27613882863340566,0.22754880694143167,NA,NA,0.9555198285101822,0.04448017148981779
51740,0.23425554959672756,0.08648012029822182,0.22677897304857145,0.11063440487081612,0.18664100865432137,0.08346214917400128,0.5193959851520027,0.04460708539701568,0.5286602101012651,0.01704575328348949,0.004006435534243982,0.05247273836188313,0.5744065398522245,0.07858292059686425,0.14254048105643766,0.06558717182832888,0.09998427920138343,0.16101454304552193,0.2810392205845616,0.3838042520741023,NA,NA,0.9618599955834569,0.03814000441654311
51810,0.22282713721204528,0.08230101665700432,0.23385998698359178,0.12359368371016502,0.18731411080828342,0.08116818931988157,0.5083884753698903,0.08170794822756947,0.19015728530145423,0.0677763932110324,0.0029631209171014725,0.07640587204382043,0.4664510729208393,0.04405143480356552,0.22623990829124044,0.11335606512103537,0.12936601760573702,0.07148584743259122,0.2109423620740482,0.30441155597287883,NA,NA,0.8874991392733468,0.1125008607266532
51005,0.1889555980734974,0.06854918519495942,0.1553737547007983,0.11512832354687604,0.23230190670977105,0.1339315167909217,0.5139539486705812,0.014844626245299202,0.0581249587649271,0.0010556178663323876,0,0.01636207692815201,0.6085678660491628,0.1037144553671571,0.09093338083363021,0.05504096900605629,0.10545065906661917,0.19298014118888962,0.2498059909979823,0.2390966940866056,NA,NA,0.9848914692881177,0.015108530711882298
51640,0.21697099892588614,0.05692803437164339,0.15405861592757403,0.14761393279116158,0.20408163265306123,0.11661807580174927,0.5258554549639405,0.14500537056928034,0.07534141476139328,0.008899800521712445,0,0.01933404940923738,0.5338662179217502,0.17753567592450514,0.08308792595708876,0.04606647034076567,0.09360538493899874,0.22863280650606108,0.34305317324185247,0.1890604154755098,NA,NA,0.9295688200092067,0.0704311799907933
51193,0.18844008788237282,0.06777082981240494,0.15435750098585996,0.10917694777758999,0.23142358177004113,0.14528758943158132,0.5046476254858882,0.06461607796743846,0.25902766041349784,0.007323531068672187,0.005126471748070531,0.049462002140724465,0.5751648851489652,0.11503577263252775,0.12334167235236146,0.05481009779395042,0.0918808278371617,0.1484986761309222,0.2857239011913576,0.22400215386686412,NA,NA,0.9557208044617205,0.04427919553827953
51133,0.14864643150123052,0.05660377358490566,0.11304347826086956,0.08867924528301886,0.23609515996718622,0.2118129614438064,0.513453650533224,0.008695652173913044,0.27325676784249386,0.0013125512715340443,0.0015586546349466775,0.01796554552912223,0.5309887869520897,0.07202625102543068,0.17604485219164118,0.09887869520897044,0.10458715596330276,0.14569319114027893,0.2553352219074599,0.1789423984891407,NA,NA,0.9809680065627564,0.01903199343724364
51155,0.17801767011877595,0.06690655900766486,0.16245392311743023,0.1343689661225206,0.22625943479024047,0.13223333918436603,0.4990930899303727,0.01767011877596396,0.04344391785150079,0.008688783570300158,1.4627581768182084e-4,0.0269440056169914,0.5511712486801454,0.09396758527880171,0.12107465488248406,0.06968831879863908,0.13245473387822143,0.1422386051138026,0.2579707170224412,0.23399014778325122,NA,NA,0.978555965127845,0.021444034872154936
51187,0.22138660994631823,0.08414362402511902,0.18120125595057227,0.12283500455788514,0.23217360478071508,0.09622201964954928,0.5022536209865289,0.04585738883824572,0.043097336169350756,0.011242783348526283,0.0017978324723994733,0.054112225260812316,0.5803042492503474,0.09044869847057632,0.1505521831346449,0.057010166020624586,0.08151100709427339,0.09710827509368986,0.25061173919776986,0.2835062722626607,NA,NA,0.9418869644484958,0.0581130355515041
51590,0.2184319454589725,0.07696615534453373,0.1834672510348186,0.1012417823228634,0.20701241782322863,0.10990990990990991,0.5402240077915753,0.04317019722425128,0.49386413440467497,0.01256391526661797,8.27854881908936e-4,0.037740443145848554,0.5524056488068122,0.12673484295105916,0.11115394049830045,0.047762553877422294,0.10628307110067632,0.21458485512539566,0.2947471977104698,0.3597960887192941,NA,NA,0.9622839055271488,0.03771609447285123
51630,0.2098036475438474,0.17888337642373,0.24690797288798827,0.09349451470896514,0.15505555167353785,0.06655719376703235,0.5459087415274964,0.10677101530291384,0.22087904409195724,0.02812521836349661,0.0021661658863811055,0.1255677450911886,0.44355632783087173,0.0593948710781916,0.22594845062264698,0.15146249637995945,0.0805676223573704,0.14156942212284257,0.21160817092413323,0.45596827156808395,NA,NA,0.8820487736706031,0.11795122632939697
51009,0.19628638867033832,0.0825177025963808,0.16056648308418567,0.12129032258064516,0.22769472856018882,0.11767112509834776,0.5188040912667191,0.024107002360346186,0.179669551534225,0.005696302124311566,0.006671911880409127,0.040660896931549964,0.557980900409277,0.10272226593233674,0.1286801918760727,0.05954319412049465,0.11015270870923734,0.13617623918174665,0.23974228552051544,0.2803963678836517,NA,NA,0.9770889063729347,0.022911093627065303
51017,0.16809844439284885,0.09867657302066403,0.16995588576735546,0.0924077083817042,0.2444857209194335,0.112143022985837,0.488971441838867,0.036916647318319014,0.03018342233573253,0.003482702577199907,0.0013930810308799629,0.05177617831437195,0.6639135959339263,0.07081495240306478,0.11277001270648031,0.046060991105463786,0.08036848792884371,0.10680287903413048,0.23433315479378683,0.30396357793251205,NA,NA,0.9788716043649872,0.02112839563501277
51670,0.2566797292483078,0.08452084075525472,0.1982988956180976,0.1148022800142501,0.19304417527609546,0.08950837192732454,0.5324634841467759,0.07931065194157463,0.4354292839330246,0.013671179194869968,0.0014250089063056644,0.04025650160313502,0.5899663299663299,0.12348592803705023,0.10505050505050505,0.03434343434343434,0.0839057239057239,0.23392411827573922,0.28567364588074645,0.3558261265361857,NA,NA,0.9470074812967582,0.0529925187032419
51700,0.23210499073316526,0.11233184730037346,0.23354093269439483,0.1101890656915619,0.17776738853361385,0.0739510110033227,0.5165662063860458,0.08984098890762664,0.410662703912107,0.03414536407807517,0.0025602065975410884,0.0732497370222571,0.5411231246189122,0.058428367089100756,0.16531693618336868,0.08528636328504074,0.11811787741641833,0.14547539140549776,0.2438645628241036,0.3878358891877652,NA,NA,0.9042761015845453,0.09572389841545474
51069,0.23075854886304462,0.07123763235549384,0.17998032748944048,0.1313776543424174,0.2113521957993404,0.09772608922062143,0.5019151767632934,0.08595729908002082,0.03940288144419372,0.01456922987907192,0.002661574958051264,0.03608169877914714,0.5204242343006501,0.07470925186599549,0.16230480530795524,0.10225521077675759,0.10684605589437705,0.06051032806804374,0.19319642398103454,0.25626231755733914,NA,NA,0.9269686975640803,0.0730313024359197
51680,0.19248097903660216,0.24545420695304646,0.180454020777222,0.08899204408643523,0.14704166614951159,0.07378768508979881,0.5317181546252281,0.041715796398118385,0.28632600628033117,0.02458762054884633,0.0025568146557609006,0.0368007546326751,0.45044964829489803,0.06301431071503928,0.21084498263734308,0.12225091265247974,0.10344136764313062,0.16974270501061203,0.1955398261539145,0.48265241148509574,NA,NA,0.9356452233489307,0.06435477665106927
51199,0.23896031302403578,0.08209526051013503,0.17879732870465712,0.13309405430849341,0.20331852549204202,0.09220087670265659,0.5090465123120826,0.06431114118443117,0.13288811744285253,0.05972169103586243,0.0026477597010973494,0.06036892118501956,0.37831863249359804,0.035877143949869086,0.2532557070629692,0.1932850357854188,0.12175797237847184,0.04814509723162014,0.17896887656438137,0.24648812347210566,NA,NA,0.8924421170309788,0.10755788296902122
51690,0.2409741674447557,0.07555244319950202,0.1746031746031746,0.10519763460939932,0.2167755991285403,0.10465297230003112,0.5559446000622471,0.05656707127295363,0.45393713040771866,0.011360099595393714,0.0035792094615624027,0.05065359477124183,0.5026768424649732,0.11741363211951447,0.14204351292857956,0.05353684929946463,0.12985533659870144,0.2304699657640834,0.2875073543832124,0.339674445969798,NA,NA,0.9561935885465297,0.04380641145347028
51125,0.18569213134650395,0.06095340840132155,0.1360663475153395,0.09857730429505765,0.25338817342053804,0.165329377654912,0.5116310430854292,0.04166947609736363,0.1295259928528083,0.0022250691119951455,0,0.02279010181376846,0.5000450815976918,0.1066010383655856,0.1707690920566225,0.11252366783878821,0.07411414660535569,0.1287168768120828,0.2247739457469793,0.2148515643754501,NA,NA,0.9627132357898995,0.037286764210100465
51143,0.19105067258717515,0.06578947368421052,0.15732336424187018,0.12260023507901267,0.24013974141308606,0.12857515998432806,0.5084073396891733,0.02631578947368421,0.20091093117408906,0.004848504636280527,6.040224631056549e-4,0.03939205955334987,0.5827013641690066,0.12803643724696356,0.09684052267350593,0.04366667403656946,0.10338499635189811,0.15763353793914064,0.2382950870167873,0.24368550746958262,NA,NA,0.9800835836489487,0.019916416351051326
51530,0.20727945712523133,0.14790252930289943,0.15700185070943862,0.10487353485502776,0.18954349167180753,0.09962985811227637,0.5718692165330043,0.018044417026526836,0.07279457125231338,0.021437384330660086,9.253547193090684e-4,0.012800740283775447,0.5990783410138248,0.1201418877236274,0.08270676691729323,0.07324763521707495,0.05602716468590832,0.23426896977174583,0.24346838318818628,0.31654676258992803,NA,NA,0.9878161628624306,0.012183837137569401
51610,0.24943374858437145,0.07446206115515289,0.19408267270668178,0.1414920724801812,0.2139722536806342,0.08040770101925254,0.5138731596828993,0.10666761041902605,0.04898074745186863,0.09881087202718007,0.0016279728199320499,0.056908267270668174,0.17066805845511482,0.00757361268403171,0.34822546972860124,0.3346555323590814,0.13528183716075157,0.03149773499433749,0.1779849090102086,0.30945406125166447,NA,NA,0.7776755379388448,0.22232446206115516
51730,0.21369810598813851,0.08006504687201071,0.21404884892545117,0.10490402397806263,0.20700210445762388,0.09584847905108093,0.5442254958229705,0.04897646833747848,0.7666602895223519,0.010139659460493592,0.002359543396467062,0.046329953446846504,0.5726904674273096,0.11902939863529112,0.11644276775855723,0.07273647405226352,0.06638755980861244,0.23614565397614948,0.2991653015055777,0.47722131211482954,NA,NA,0.9501626171800268,0.049837382819973214
51735,0.2206782464846981,0.08411910669975187,0.17237386269644334,0.11009098428453268,0.22092638544251447,0.10727874276261373,0.5018196856906534,0.02795698924731183,0.011248966087675765,0.024731182795698924,8.271298593879239e-4,0.02456575682382134,0.44208037825059104,0.03564929693961952,0.22801418439716312,0.17624113475177305,0.10271867612293144,0.056162117452440034,0.1783069841905143,0.236041624974985,NA,NA,0.9369727047146402,0.0630272952853598
51600,0.22306744294760103,0.08580170838468404,0.2083634354681059,0.13233606731545622,0.19578428456079214,0.0838893374697208,0.5136628277591263,0.1718159024265862,0.04916918108027708,0.17168841103225532,5.524627087671582e-4,0.10054821299562279,0.27434561468800395,0.04100973184310059,0.31305049001364593,0.2459992556754745,0.10674854236447091,0.08979643874038502,0.14272989258580038,0.3129159025412628,NA,NA,0.6893884662785262,0.3106115337214738
51820,0.23297199638663052,0.06431797651309847,0.2026196928635953,0.12610659439927732,0.1874435411020777,0.09426377597109305,0.510569105691057,0.08075880758807588,0.1422312556458898,0.014046973803071364,0.004968383017163505,0.024616079494128276,0.5286329246021393,0.09620596205962059,0.15744847378032872,0.09489955648317246,0.08009392121054004,0.16526648599819332,0.2693789664551224,0.3328989120580236,NA,NA,0.9473803071364046,0.0526196928635953
51770,0.21869614729564946,0.07234780154995012,0.22279777081296798,0.12344173578288604,0.1976841447560693,0.09378306745003981,0.5237682532324219,0.06271352124882847,0.2897640810650112,0.029991232401818016,0.0022170937931451492,0.05412732164992089,0.5379425680021727,0.09736065061625129,0.14425179742999672,0.0650648218293049,0.11464959048612798,0.20397262896935373,0.28674163990527085,0.3746016788384521,NA,NA,0.9241149260800774,0.07588507391992261
51800,0.24311544737104993,0.07487818143473966,0.20537666633367743,0.126236222570011,0.20347862764032723,0.08633301144373037,0.5149678665379108,0.04369928851298103,0.4178793024985293,0.01981286004462056,0.0020978322400186473,0.04566392505522072,0.5151380961752936,0.0685402861487574,0.1735222725185331,0.10380174506330775,0.10626189070392968,0.1028603776098032,0.20429673359137868,0.28622149202194314,NA,NA,0.9515722642158658,0.048427735784134174
51710,0.19707196618165912,0.14864207423518302,0.2566138323228441,0.09906746088527847,0.1605062939235735,0.06481167288768239,0.4778312435353903,0.08042485517230101,0.4114823733345326,0.03760000981189774,0.003834816701485276,0.07737907858103606,0.50694235424982,0.07518366646088936,0.17743244127461885,0.09098344565857489,0.10431198063207485,0.16768533243936043,0.22873221114045808,0.459509401978949,NA,NA,0.9128253768381978,0.08717462316180229
51007,0.21431328649733652,0.07303327414498571,0.15401837412182506,0.12321469929746005,0.24774183586813867,0.11503126688797961,0.49200957307187526,0.030108855091484598,0.2119200185285262,0,0.0018528526210144368,0.027792789315216553,0.6067004201228051,0.11557168223577549,0.1092319293331897,0.04168910912420554,0.08111601852849294,0.10615301474561878,0.23303973013493254,0.2340704647676162,NA,NA,0.9829383154481587,0.01706168455184127
51041,0.23889611731591526,0.08432518024980279,0.18617614269788182,0.13820946526134403,0.20392023309494078,0.0927547874987993,0.5180191587275251,0.08834205110740473,0.23096134198415955,0.035109779916227865,0.003018474695168985,0.05877147788829024,0.4365056006648084,0.051558575000509387,0.2508439950831876,0.13506518238950158,0.10092017104967019,0.06712249418572497,0.1937400120036734,0.29516382121757745,NA,NA,0.9021659084095229,0.09783409159047711
51059,0.23581810025989167,0.07578486763676603,0.21020855914586573,0.14125610239278377,0.19846019852303332,0.079935454705715,0.5041523324798274,0.16333555000514896,0.09806678291103117,0.19246994838820033,0.0023231418792140765,0.09532561512642884,0.2538455325929639,0.051197264592071294,0.3107462108732522,0.2568709370164641,0.10333166252382826,0.06060939275410128,0.1666891007340282,0.3141124033616364,NA,NA,0.6651211053338011,0.3348788946661989
